test_life_100,test_life_100
test_life_101,test_life_101
test_life_102,test_life_102
test_life_103,test_life_103
test_life_104,test_life_104
test_life_105,test_life_105
test_life_106,test_life_106
test_life_107,test_life_107
test_life_108,test_life_108
test_life_109,test_life_109
test_life_110,test_life_110
test_life_111,test_life_111
test_life_112,test_life_112
test_life_113,test_life_113
test_life_114,test_life_114
test_life_115,test_life_115
test_life_116,test_life_116
test_life_117,test_life_117
test_life_118,test_life_118
test_life_119,test_life_119
test_life_120,test_life_120
test_life_121,test_life_121
test_life_122,test_life_122
test_life_123,test_life_123
test_life_124,test_life_124
test_life_125,test_life_125
test_life_126,test_life_126
test_life_127,test_life_127
test_life_128,test_life_128
test_life_129,test_life_129
test_life_130,test_life_130
test_life_131,test_life_131
test_life_132,test_life_132
test_life_133,test_life_133
test_life_134,test_life_134
test_life_135,test_life_135
test_life_136,test_life_136
test_life_137,test_life_137
test_life_138,test_life_138
test_life_139,test_life_139
test_life_140,test_life_140
test_life_141,test_life_141
test_life_142,test_life_142
test_life_143,test_life_143
test_life_144,test_life_144
test_life_145,test_life_145
test_life_146,test_life_146
test_life_147,test_life_147
test_life_148,test_life_148
test_life_149,test_life_149
test_life_150,test_life_150
test_life_151,test_life_151
test_life_152,test_life_152
test_life_153,test_life_153
test_life_154,test_life_154
test_life_155,test_life_155
test_life_156,test_life_156
test_life_157,test_life_157
test_life_158,test_life_158
test_life_159,test_life_159
test_life_160,test_life_160
test_life_161,test_life_161
test_life_162,test_life_162
test_life_163,test_life_163
test_life_164,test_life_164
test_life_165,test_life_165
test_life_166,test_life_166
test_life_167,test_life_167
test_life_168,test_life_168
test_life_169,test_life_169
test_life_170,test_life_170
test_life_171,test_life_171
test_life_172,test_life_172
test_life_173,test_life_173
test_life_174,test_life_174
test_life_175,test_life_175
test_life_176,test_life_176
test_life_177,test_life_177
test_life_178,test_life_178
test_life_179,test_life_179
test_life_180,test_life_180
test_life_181,test_life_181
test_life_182,test_life_182
test_life_183,test_life_183
test_life_184,test_life_184
test_life_185,test_life_185
test_life_186,test_life_186
test_life_187,test_life_187
test_life_188,test_life_188
test_life_189,test_life_189
test_life_190,test_life_190
test_life_191,test_life_191
test_life_192,test_life_192
test_life_193,test_life_193
test_life_194,test_life_194
test_life_195,test_life_195
test_life_196,test_life_196
test_life_197,test_life_197
test_life_198,test_life_198
test_life_199,test_life_199
test_life_200,test_life_200

